Rank,Club,Country,Level,Elo,XG Elo,Transfer_Elo,Adjusted_Elo_Rating
1,Manchester City,ENG,1,2052.29907227,1907.2247018812045,2071.294562091291,2016.030479672801
2,Liverpool,ENG,1,1967.69360352,1869.5046367369976,1904.689963782399,1943.1463618242492
3,Arsenal,ENG,1,1956.6348877,1901.3542400968417,1916.8066618412277,1942.8147257992105
4,Inter Milan,ITA,1,1970.81408691,1842.2846775892651,1735.0561909588,1938.6817345798163
5,Real Madrid,ESP,1,1971.24047852,1827.1039676411294,1868.3398696059135,1935.2063508002823
6,Bayern Munich,GER,1,1938.484375,1885.9048147163064,1956.1859305324201,1925.3394849290767
7,Bayer Leverkusen,GER,1,1901.34558105,1804.9967451680225,1741.114539988214,1877.2583720795055
8,Barcelona,ESP,1,1887.69274902,1839.7848473156525,1941.0400579588845,1875.7157735939131
9,Paris Saint-Germain,FRA,1,1894.07629395,1764.8080068414483,1780.493808679407,1861.759222172862
10,AC Milan,ITA,1,1868.68005371,1726.077882110413,1777.4646341646996,1833.0295108101031
11,Borussia Dortmund,GER,1,1868.01745605,1716.3186523002707,1653.2684790617075,1830.0927551125676
12,RB Leipzig,GER,1,1827.30065918,1792.3182696895808,1762.318761591164,1818.5550618073953
13,Atlético Madrid,ESP,1,1831.26086426,1763.659795109255,1798.6688557676496,1814.3605969723137
14,Tottenham Hotspur,ENG,1,1841.69372559,1717.2804337927876,1789.5813322235283,1810.590402640697
15,Juventus,ITA,1,1824.68505859,1746.045228094685,1701.7352712970214,1805.0251009661713
16,Aston Villa,ENG,1,1836.8079834,1699.128038665865,1831.989775429428,1802.3879972164664
17,PSV Eindhoven,NED,1,1804.47143555,1768.3478962066056,1589.6558142528577,1795.4405507141514
18,Napoli,ITA,1,1811.42285156,1737.1887771809074,1753.2312380470426,1792.8643329652268
19,Roma,ITA,1,1815.51037598,1701.4584173806113,1701.7352712970214,1786.997386330153
20,Manchester United,ENG,1,1814.65649414,1703.9472219619643,1853.1939970323779,1786.979176095491
21,Chelsea,ENG,1,1789.40246582,1762.2284262098299,1771.4062851352853,1782.6089559174575
22,Porto,POR,1,1806.73779297,1704.405763261455,1471.5180081792798,1781.154785542864
23,Atalanta,ITA,1,1808.82421875,1695.9148014115212,1692.6477477529002,1780.5968644153804
24,VfB Stuttgart,GER,1,1765.56091309,1790.4234180787655,1477.5763572086942,1771.7765393371915
25,Sporting CP,POR,1,1783.72705078,1728.971331035258,1395.7886453116016,1770.0381208438143
26,Newcastle United,ENG,1,1801.71228027,1674.3924676128331,1807.7563793117708,1769.882327105708
27,Athletic Bilbao,ESP,1,1776.59057617,1736.5354262601,1650.239304547,1766.576788692525
28,Brighton & Hove Albion,ENG,1,1775.88256836,1734.0969332867548,1674.4727006646576,1765.4361595916887
29,Benfica,POR,1,1790.01220703,1679.7908165754156,1541.1890220175437,1762.4568594163538
30,Real Sociedad,ESP,1,1772.10131836,1732.1619591083982,1716.881143870557,1762.1164785470994
31,West Ham United,ENG,1,1791.05041504,1670.149857851064,1738.085365473507,1760.825275742766
32,Girona,ESP,1,1770.80249023,1719.8116774970626,1480.605531723401,1758.0547870467658
33,Bologna,ITA,1,1779.80029297,1653.8737224998222,1538.1598475028368,1748.3186503524557
34,Feyenoord,NED,1,1745.22412109,1730.9779960075343,1489.6930552675226,1741.6625898193836
35,Marseille,FRA,1,1748.06030273,1710.4298755090012,1622.9767339146363,1738.6526959247503
36,Fiorentina,ITA,1,1749.83203125,1663.6902087655103,1644.1809555175862,1728.2965756288777
37,Lille,FRA,1,1739.51940918,1689.865901701994,1501.8097533263513,1727.1060323104984
38,Fulham,ENG,1,1751.54907227,1650.6602083241455,1644.1809555175862,1726.3268562835362
39,Lazio,ITA,1,1749.07116699,1646.986870567133,1710.8227948411427,1723.5500928842832
40,Lens,FRA,1,1747.44165039,1633.9984665157533,1462.4304846351583,1719.0808544214383
41,Wolverhampton Wanderers,ENG,1,1748.51184082,1614.0347447025213,1629.0350829440506,1714.8925667906306
42,Brentford,ENG,1,1722.21020508,1688.3486730457346,1692.6477477529002,1713.7448220714336
43,Rennes,FRA,1,1732.70239258,1649.876231142018,1641.1517810028788,1711.9958522205043
44,Villarreal,ESP,1,1721.32678223,1669.5620404425079,1619.9475593999289,1708.3855967831269
45,Everton,ENG,1,1708.59301758,1691.5602073599164,1613.889210370515,1704.334815024979
46,Torino,ITA,1,1718.5333252,1650.4720675313147,1559.3640691057863,1701.5180107828287
47,Bournemouth,ENG,1,1709.94335938,1674.9270865592619,1553.3057200763724,1701.1892911748155
48,Monaco,FRA,1,1716.85498047,1654.118961918226,1492.72222978223,1701.1709758320567
49,Crystal Palace,ENG,1,1703.23583984,1665.0922920638898,1692.6477477529002,1693.6999528959725
50,RB Salzburg,AUT,1,1683.89135742,1719.0149944074888,1335.2051550174592,1692.672266666872
51,Brest,FRA,1,1700.27490234,1654.3308227837542,1435.1679140027943,1688.7888824509384
52,Leicester City,ENG,2,1695.43493652,1661.108621380216,1598.7433377969794,1686.853357735054
53,Fenerbahçe,TUR,1,1709.63378906,1617.3330548514116,,1686.558605507853
54,Nice,FRA,1,1694.66833496,1654.5283445797231,1592.684988767565,1684.6333373649306
55,Eintracht Frankfurt,GER,1,1704.46948242,1620.0478765227685,1498.7805788116439,1683.364080945692
56,Leeds United,ENG,2,1693.50402832,1650.8115676304024,1489.6930552675226,1682.8309131476008
57,Valencia,ESP,1,1695.71740723,1643.5504035158474,1519.9848004145938,1682.675656301462
58,Slavia Prague,CZE,1,1693.88476562,1632.2342086794254,1304.9134098703878,1678.4721263848564
59,Real Betis,ESP,1,1692.90844727,1627.6318891126216,1656.2976535764144,1676.5893077306553
60,SC Freiburg,GER,1,1687.4296875,1641.6177619280031,1532.1014984734225,1675.9767061070008
61,Galatasaray,TUR,1,1707.07885742,1572.2221099433605,,1673.36467055084
62,Club Brugge,BEL,1,1683.03967285,1622.206824562955,1383.671947252773,1667.8314607782388
63,Zenit,RUS,1,1666.44445801,1670.2183348676565,,1667.3879272244142
64,Nottingham Forest,ENG,1,1660.91333008,1663.5357892551585,1622.9767339146363,1661.5689448737894
65,Getafe,ESP,1,1672.45202637,1627.940748795188,1559.3640691057863,1661.3242069762969
66,Borussia Mönchengladbach,GER,1,1667.02770996,1629.5022019145879,1516.9556258998869,1657.646332948647
67,Lyon,FRA,1,1675.4753418,1598.2654481048583,1465.4596591498655,1656.1728683762146
68,Sevilla,ESP,1,1671.46582031,1609.2154435549,1613.889210370515,1655.9032261212249
69,Union SG,BEL,1,1703.81201172,1497.607746294523,1289.7675372968522,1652.260945363631
70,Monza,ITA,1,1687.56933594,1535.4220188616816,1471.5180081792798,1649.5325066704204
71,Sparta Prague,CZE,1,1668.02990723,1577.5175441852493,1268.5633156939023,1645.4018164688123
72,VfL Wolfsburg,GER,1,1644.46777344,1646.2071443121092,1592.684988767565,1644.9026161580273
73,FC Augsburg,GER,1,1658.84997559,1599.0992124321324,1477.5763572086942,1643.9122848005331
74,Reims,FRA,1,1646.53161621,1634.5685085170162,1456.3721356057442,1643.5408392867541
75,Union Berlin,GER,1,1658.91101074,1595.412355517735,1544.2181965322507,1643.0363469344338
76,Osasuna,ESP,1,1653.05456543,1612.0030060522818,1556.3348945910793,1642.7916755855704
77,Copenhagen,DEN,1,1660.05004883,1582.0339912791069,1307.9425843850947,1640.5460344422768
78,Celta Vigo,ESP,1,1643.60583496,1626.7738339621042,1507.8681023557656,1639.397834710526
79,Mallorca,ESP,1,1638.59741211,1639.726616023414,1513.9264513851795,1638.8797130883534
80,Braga,POR,1,1650.80419922,1590.5204684544813,1468.4888336645724,1635.7332665286203
81,TSG Hoffenheim,GER,1,1645.78320312,1601.7267284387026,1571.480767164615,1634.7690844496756
82,Anderlecht,BEL,1,1647.01379395,1588.6440914770892,1389.7302962821873,1632.4213683317723
83,Southampton,ENG,2,1630.82397461,1628.4458885645654,1568.451592649908,1630.2294530986412
84,Mainz 05,GER,1,1625.48449707,1644.4521266219633,1565.4224181352006,1630.226404457991
85,Werder Bremen,GER,1,1631.51599121,1625.3357230953982,1471.5180081792798,1629.9709241813496
86,Rayo Vallecano,ESP,1,1625.3581543,1635.1586680060784,1450.31378657633,1627.8082827265196
87,Genoa,ITA,1,1647.98852539,1566.608067682362,1477.5763572086942,1627.6434109630904
88,Burnley,ENG,1,1633.85009766,1593.5426109945201,1516.9556258998869,1623.77322599363
89,Alavés,ESP,1,1616.65478516,1640.6645282385034,1201.9214763703453,1622.6572209296257
90,Rangers,SCO,1,1643.92285156,1555.304898543852,1332.175980502752,1621.768363305963
91,Udinese,ITA,1,1640.15161133,1560.9982961778248,1538.1598475028368,1620.3632825419563
92,Twente,NED,1,1629.93847656,1583.1561050786547,1407.9053433704303,1618.2428836896636
93,Montpellier,FRA,1,1622.09423828,1606.1799609549782,1317.0301079292162,1618.1156689487443
94,Midtjylland,DEN,1,1641.95251465,1539.3440354775908,1289.7675372968522,1616.3003948568976
95,Las Palmas,ESP,1,1627.52331543,1570.3833372559477,1323.0884569586306,1613.2383208864867
96,Ajax,NED,1,1627.60925293,1552.3798701168653,1420.0220414292587,1608.8019072267161
97,Strasbourg,FRA,1,1611.07714844,1596.6254021755642,1383.671947252773,1607.4642118738911
98,Leganés,ESP,2,1566.85583496,1717.1617450455265,,1604.4323124813816
99,Toulouse,FRA,1,1616.59545898,1563.7792132406971,1320.0592824439236,1603.3913975451744
100,Eibar,ESP,2,1566.64648438,1710.0376170582524,,1602.4942675495631
101,Levante,ESP,2,1569.52160645,1695.754770398566,,1601.0798974371414
102,Luton Town,ENG,1,1611.31848145,1561.5925137837812,1380.642772738066,1598.8869895334453
103,Celtic,SCO,1,1609.51000977,1564.853160802202,1416.9928669145515,1598.3457975280503
104,Shakhtar Donetsk,UKR,1,1599.8807373,1583.8595472383647,1335.2051550174592,1595.8754397845912
105,PAOK,GRE,1,1603.00012207,1571.875490778748,1389.7302962821873,1595.2189642471872
106,Cádiz,ESP,1,1598.09875488,1586.457443498577,1468.4888336645724,1595.188427034644
107,Olympiacos,GRE,1,1604.85180664,1563.0799659384172,1407.9053433704303,1594.4088464646043
108,Viktoria Plzeň,CZE,1,1594.43884277,1592.7219203829861,1320.0592824439236,1594.0096121732468
109,1. FC Köln,GER,1,1610.17663574,1539.5164255789668,1453.342961091037,1592.5115831997416
110,Genk,BEL,1,1597.11010742,1576.361651478278,1359.438551135116,1591.9229934345694
111,Empoli,ITA,1,1608.52539062,1539.7853911214088,1423.0512159439659,1591.3403907453521
112,Hellas Verona,ITA,1,1605.70068359,1544.9880565190942,1450.31378657633,1590.5225268222737
113,Espanyol,ESP,2,1588.35021973,1596.4885642799193,,1590.3848058674798
114,VfL Bochum,GER,1,1602.67993164,1552.327813289382,1392.7594707968944,1590.0919020523454
115,Antwerp,BEL,1,1630.19372559,1467.40510820042,1456.3721356057442,1589.4965712426051
116,Gent,BEL,1,1587.73681641,1590.4350823913055,1383.671947252773,1588.4113829053265
117,AEK Athens,GRE,1,1598.39160156,1554.1185815051226,1380.642772738066,1587.3233465462806
118,Sassuolo,ITA,1,1596.13964844,1544.736959067975,1526.0431494440081,1583.2889760969938
119,1. FC Heidenheim,GER,1,1604.47546387,1519.6141363422394,1220.096523458588,1583.26013198806
120,St Pauli,GER,2,1602.88708496,1524.18981934,,1583.212768555
121,Lecce,ITA,1,1590.17895508,1559.9741622572367,1310.971758899802,1582.627756874309
122,Qarabağ,AZE,0,1596.61523438,1535.2863223008428,,1581.2830063602105
123,Hamburger SV,GER,2,1557.66491699,1646.1421439100807,,1579.7842237200202
124,Krasnodar,RUS,1,1553.5690918,1655.4082915936788,,1579.0288917484197
125,Young Boys,SUI,1,1578.62915039,1568.7730867398564,1359.438551135116,1576.165134477464
126,Ipswich Town,ENG,2,1580.67712402,1553.2775319163347,1229.1840470027096,1573.8272259940836
127,Valladolid,ESP,2,1574.23779297,1571.1754321532062,,1573.4722027658017
128,West Bromwich Albion,ENG,2,1585.62133789,1529.6009004226992,1401.8469943410157,1571.6162285231749
129,AZ,NED,1,1586.71118164,1521.5325674165597,1410.9345178851374,1570.41652808414
130,Sheffield United,ENG,1,1578.44628906,1542.9208074144424,,1569.5649186486105
131,Cagliari,ITA,1,1579.96765137,1534.5647744509195,1395.7886453116016,1568.61693214023
132,Panathinaikos,GRE,1,1571.24353027,1560.0238523773025,1386.7011217674801,1568.4386107968257
133,CSKA Moscow,RUS,1,1562.74719238,1584.4064895206136,,1568.1620166651533
134,Lorient,FRA,1,1584.87023926,1515.7013708348068,1438.1970885175015,1567.5780221537018
135,Parma,ITA,2,1577.29638672,1536.4234358283054,,1567.0781489970764
136,Elche,ESP,2,1570.3013916,1554.6653309459323,,1566.3923764364831
137,Coventry City,ENG,2,1568.23425293,1555.7966352913286,1329.146805988045,1565.1248485203323
138,Almería,ESP,1,1554.23718262,1588.8742402991054,1438.1970885175015,1562.8964470397764
139,Fortuna Düsseldorf,GER,2,1560.79296875,1568.932281325226,,1562.8277968938064
140,Maccabi Tel Aviv,ISR,1,1583.61120605,1499.714556594299,,1562.6370436860748
141,Brøndby,DEN,1,1590.40185547,1471.2292755709302,1204.9506508850525,1560.6087104952326
142,Frosinone,ITA,1,1567.32006836,1539.0208627704874,1214.038174429174,1560.2452669626218
143,Bodø/Glimt,NOR,1,1596.75134277,1446.8616871751149,,1559.2789288712788
144,Nordsjælland,DEN,1,1573.14709473,1507.9544176573074,1126.1921135026673,1556.8489254618266
145,Sturm Graz,AUT,1,1575.3190918,1500.975207308802,1247.3590940909523,1556.7331206772005
146,Huesca,ESP,2,1520.36291504,1665.512552002896,,1556.6503242807241
147,Granada,ESP,1,1546.65673828,1568.3125341061611,1380.642772738066,1552.0706872365404
148,Cercle Brugge,BEL,1,1551.41577148,,1204.9506508850525,1551.41577148
149,Oviedo,ESP,2,1553.54931641,1544.33496094,,1551.2457275425
150,Le Havre,FRA,1,1552.77893066,1529.1301368599302,1286.738362782145,1546.8667322099825
151,Red Star Belgrade,SRB,1,1546.53027344,1540.762739084966,1347.3218530762877,1545.0883898512416
152,Clermont,FRA,1,1558.50354004,1502.8298905239064,1386.7011217674801,1544.5851276609767
153,Dinamo Zagreb,CRO,1,1531.2253418,1576.6044196533016,1280.6800137527307,1542.5701112633255
154,Auxerre,FRA,2,1553.36120605,1510.03025568363,,1542.5284684584076
155,Hertha BSC,GER,2,1535.84875488,1559.9663533907387,,1541.8781545076845
156,Vitória de Guimarães,POR,1,1550.92163086,1509.6840139880126,1256.4466176350738,1540.6122266420032
157,Norwich City,ENG,2,1550.21118164,1501.7271900853018,1374.5844237086517,1538.0901837513254
158,Maccabi Haifa,ISR,1,1580.38183594,1409.7261179025195,,1537.71790643063
159,Nantes,FRA,1,1538.81188965,1524.8744549549283,1435.1679140027943,1535.327530976232
160,Spartak Moscow,RUS,1,1509.09130859,1612.29557976658,,1534.892376384145
161,Metz,FRA,1,1546.23620605,1493.5676002900695,1274.6216647233166,1533.0690546100172
162,Gijon,ESP,2,1501.30163574,1626.84265137,,1532.6868896475
163,Rostov,RUS,1,1479.51416016,1673.61999512,,1528.0406189
164,Lokomotiv Moscow,RUS,1,1524.48791504,1535.6445665794743,,1527.2770779248685
165,Middlesbrough,ENG,2,1523.875,1531.6507064141304,1356.409376620409,1525.8189266035326
166,Hapoel Be'er Sheva,ISR,1,1513.6706543,1560.2265093120884,,1525.3096180530222
167,Molde,NOR,1,1539.34570312,1476.0868904498125,,1523.530999952453
168,Tenerife,ESP,2,1500.02807617,1592.77697754,,1523.2153015125
169,Santander,ESP,2,1522.74377441,,,1522.74377441
170,Cremonese,ITA,2,1549.4901123,1437.7900920340924,,1521.5651072335231
171,Hull City,ENG,2,1520.3482666,1507.0616462007163,1347.3218530762877,1517.0266115001791
172,Dynamo Moskva,RUS,1,1525.28210449,1481.07666016,,1514.2307434075
173,İstanbul Başakşehir,TUR,1,1497.81835938,1543.8927386921916,,1509.3369542080477
174,Saint-Étienne,FRA,2,1502.79931641,1524.5519064682833,,1508.2374639245709
175,Schalke 04,GER,2,1484.66003418,1578.2816791860253,,1508.0654454315063
176,Venezia,ITA,2,1542.17041016,1405.3861693723863,,1507.9743499630965
177,Holstein,GER,2,1542.84436035,1402.63049316,,1507.7908935525
178,Servette,SUI,1,1542.00378418,1401.8993854615921,1241.3007450615382,1506.977684500398
179,Ludogorets Razgrad,BUL,1,1523.42663574,1455.1564656477308,,1506.3590932169327
180,Burgos,ESP,2,1506.34594727,,,1506.34594727
181,Trabzonspor,TUR,1,1502.18347168,1518.2269597437917,,1506.1943436959477
182,Karlsruhe,GER,2,1506.16577148,,,1506.16577148
183,Mechelen,BEL,1,1515.60754395,1475.9453125,,1505.6919860875
184,Darmstadt 98,GER,1,1511.6661377,1485.7954040716238,1289.7675372968522,1505.198454292906
185,Como,ITA,2,1504.83166504,,,1504.83166504
186,Salernitana,ITA,1,1532.9342041,1415.5313994954724,1462.4304846351583,1503.583502948868
187,Utrecht,NED,1,1515.01733398,1458.7423391829955,1301.8842353556806,1500.948585280749
188,Dynamo Kyiv,UKR,1,1479.96240234,1563.510517639323,,1500.8494311648308
189,Hannover 96,GER,2,1479.44287109,1552.2428927475735,,1497.6428765043934
190,Lech Poznań,POL,1,1499.10266113,1492.6415194604133,1256.4466176350738,1497.4873757126034
191,Hajduk Split,CRO,1,1480.32702637,1528.75109863,1259.475792149781,1492.4330444349998
192,LASK,AUT,1,1487.65893555,1504.339090193082,1232.2132215174165,1491.8289742107704
193,Aarhus,DEN,1,1527.5690918,1383.80493164,,1491.62805176
194,Swansea City,ENG,2,1498.33581543,1469.3699253782654,1314.000933414509,1491.0943429170661
195,Terek Grozny,RUS,1,1445.45605469,1624.98852539,,1490.339172365
196,Zaragoza,ESP,2,1470.7244873,1535.74951172,,1486.9807434049999
197,Rijeka,CRO,1,1468.08618164,1543.0935112321388,1141.337986076203,1486.8380140380348
198,SC Paderborn,GER,2,1491.29187012,1471.3242059408285,,1486.299954075207
199,Arouca,POR,1,1493.22644043,1464.4146109189594,,1486.02348305224
200,Beşiktaş,TUR,1,1494.57641602,1457.4439633764775,,1485.2933028591192
201,Watford,ENG,2,1484.2623291,1481.5639438921623,1383.671947252773,1483.5877327980406
202,Sunderland,ENG,2,1480.9720459,1490.1949230022096,1286.738362782145,1483.2777651755523
203,Ferrol,ESP,2,1482.5534668,,,1482.5534668
204,Preston North End,ENG,2,1501.41479492,1424.3095775372904,1274.6216647233166,1482.1384905743225
205,Adana Demirspor,TUR,1,1481.96203613,,,1481.96203613
206,St Truiden,BEL,1,1486.23925781,1468.14648438,,1481.7160644525
207,Lugano,SUI,1,1484.06433105,1469.337669187867,,1480.3826655844668
208,Palermo,ITA,2,1475.73840332,1483.32751465,,1477.6356811525002
209,Moreirense,POR,1,1472.16870117,1493.4756804312638,1101.9587173850102,1477.495445985316
210,Standard Liège,BEL,1,1470.88330078,1493.8381777440525,1307.9425843850947,1476.6220200210132
211,Sampdoria,ITA,2,1483.26953125,1452.3677608528599,,1475.544088650715
212,Guingamp,FRA,2,1445.43225098,1564.9351421088124,,1475.307973762203
213,Charleroi,BEL,1,1452.71411133,1539.74853516,,1474.4727172875
214,NEC,NED,1,1494.56689453,1408.5537558099395,,1473.063609849985
215,Spezia,ITA,2,1450.09753418,1541.4006882866552,,1472.9233227066638
216,Rapid Wien,AUT,1,1482.48486328,1442.3672923527454,1174.6589057379813,1472.4554705481864
217,Legia Warsaw,POL,1,1458.99230957,1511.2391198887174,1262.504966664488,1472.0540121496792
218,AEK Larnaca,CYP,0,1477.87280273,1451.1815563736407,,1471.1999911409102
219,Bordeaux,FRA,2,1450.38549805,1532.9579275280119,,1471.028605419503
220,Angers,FRA,2,1459.27319336,1499.8160422062747,,1469.4089055715688
221,Austria Wien,AUT,1,1452.65209961,1519.1661993378573,1141.337986076203,1469.2806245419642
222,Ferencváros,HUN,1,1477.38793945,1442.9759590095416,1265.534141179195,1468.7849443398854
223,Bristol City,ENG,2,1471.76586914,1456.9376135147681,1301.8842353556806,1468.058805233692
224,Cartagena,ESP,2,1467.83361816,,,1467.83361816
225,1. FC Nürnberg,GER,2,1432.76550293,1570.9037415022858,,1467.3000625730715
226,Greuther Fürth,GER,2,1460.8572998,1483.9976232054244,,1466.642380651356
227,OH Leuven,BEL,1,1465.35400391,,1271.5924902086094,1465.35400391
228,Raków Częstochowa,POL,1,1525.64111328,1279.37020438626,1265.534141179195,1464.0733860565651
229,Antalyaspor,TUR,1,1443.37414551,1523.80871582,,1463.4827880875
230,Zürich,SUI,1,1457.92492676,1476.988105035269,1241.3007450615382,1462.6907213288173
231,Eldense,ESP,2,1460.31835938,,,1460.31835938
232,Sparta Rotterdam,NED,1,1478.40393066,1405.124524884059,,1460.0840792160147
233,APOEL,CYP,0,1438.06420898,1526.085531459724,,1460.0695395999312
234,Albacete,ESP,2,1455.00415039,1469.91601562,,1458.7321166975
235,FCSB,ROM,1,1448.84057617,1482.8382833772102,,1457.3400029718027
236,Westerlo,BEL,1,1456.63134766,,1183.7464292821028,1456.63134766
237,Aris,GRE,1,1455.7578125,,,1455.7578125
238,Suedtirol,ITA,2,1455.44226074,,,1455.44226074
239,Mirandes,ESP,2,1455.11193848,,,1455.11193848
240,Go Ahead Eagles,NED,1,1452.63867188,1451.5313851135436,,1452.3618501883857
241,Millwall,ENG,2,1453.5579834,1443.0720850474204,1383.671947252773,1450.9365088118552
242,Huddersfield Town,ENG,2,1447.94946289,1457.2359233064121,1301.8842353556806,1450.271077994103
243,Famalicão,POR,1,1457.47436523,1426.4993489165456,1250.3882686056595,1449.7306111516366
244,Viborg,DEN,1,1449.03027344,,1189.8047783115169,1449.03027344
245,Konyaspor,TUR,1,1437.20727539,1482.1099564386843,,1448.4329456521712
246,Kasimpasa,TUR,1,1441.203125,1469.7277832,,1448.33428955
247,Caen,FRA,2,1443.47814941,1458.0467552189052,,1447.1203008622263
248,Alcorcon,ESP,2,1421.19274902,1524.2677002,,1446.9614868150002
249,Rio Ave,POR,1,1431.44287109,1491.1894447160819,1189.8047783115169,1446.3795144965204
250,Rubin Kazan,RUS,1,1410.82788086,1551.13903809,,1445.9056701675
251,Pisa,ITA,2,1445.8260498,,,1445.8260498
252,Amiens,FRA,2,1411.19970703,1549.3383561676624,,1445.7343693144157
253,Stoke City,ENG,2,1438.1126709,1467.8028141249695,1320.0592824439236,1445.5352067062424
254,Gil Vicente,POR,1,1449.21691895,1433.3128287552247,1108.0170664144246,1445.2408964013061
255,Blackburn Rovers,ENG,2,1446.00720215,1442.8840479322985,1256.4466176350738,1445.2264135955747
256,Catanzaro,ITA,2,1444.89367676,,,1444.89367676
257,Randers,DEN,1,1434.28881836,1473.347912373284,,1444.0535918633211
258,Andorra CF,ESP,2,1443.06896973,,,1443.06896973
259,Jagiellonia,POL,1,1448.86535645,1424.10864258,,1442.6761779825001
260,Brescia,ITA,2,1445.56628418,1431.633491651546,,1442.0830860478864
261,Sheriff Tiraspol,MOL,0,1453.23681641,1407.514936417619,,1441.8063464119048
262,Malmö FF,SWE,1,1442.78295898,1437.36197221898,,1441.4277122897452
263,Queens Park Rangers,ENG,2,1433.31921387,1464.842931261572,,1441.2001432178931
264,Kryliya Sovetov,RUS,1,1440.93774414,,,1440.93774414
265,Cardiff City,ENG,2,1461.17993164,1377.4780005950074,1365.4969001645304,1440.2544488787519
266,Slovácko,CZE,1,1456.97583008,1383.406585653985,,1438.5835189734962
267,Rodez,FRA,2,1437.97338867,,,1437.97338867
268,Omonia,CYP,0,1437.73999023,,,1437.73999023
269,Elfsborg,SWE,1,1448.4152832,1404.1763916,,1437.3555603
270,Troyes,FRA,2,1440.25939941,1421.929330413149,,1435.6768821607873
271,Basel,SUI,1,1413.78015137,1500.9021295297055,1214.038174429174,1435.5606459099263
272,SC Heerenveen,NED,1,1435.54321289,1433.1357937432774,,1434.9413581033193
273,Paris FC,FRA,2,1455.65698242,1364.40185547,,1432.8432006825
274,OB,DEN,1,1444.6048584,1396.99377441,1144.3671605909099,1432.7020874025
275,Aris Limassol,CYP,0,1438.84777832,1412.9473527050127,,1432.3726719162532
276,Magdeburg,GER,2,1432.07141113,,,1432.07141113
277,Plymouth Argyle,ENG,2,1436.37426758,1417.9284549218335,1186.7756037968097,1431.7628144154583
278,Alanyaspor,TUR,1,1435.38867188,1414.24926758,,1430.103820805
279,Pogoń Szczecin,POL,1,1457.22790527,1334.40393066,,1426.5219116174999
280,Braunschweig,GER,2,1387.96203613,1537.33886719,,1425.306243895
281,Sheffield Wednesday,ENG,2,1415.64501953,1453.1547268605966,1244.3299195762454,1425.0224463626491
282,Rosenborg,NOR,1,1403.11584473,1487.7309877891212,,1424.2696304947804
283,Brann,NOR,1,1449.68981934,1347.75830078,,1424.2069397
284,Orenburg,RUS,1,1424.18005371,,,1424.18005371
285,Modena,ITA,2,1422.61047363,,,1422.61047363
286,Silkeborg,DEN,1,1436.53149414,1380.1991594511346,,1422.4484104677838
287,CSKA Sofia,BUL,1,1438.43127441,1373.3385402581034,1259.475792149781,1422.158090872026
288,St. Gallen,SUI,1,1434.71594238,1378.19311523,,1420.5852355924999
289,Ajaccio,FRA,2,1405.17504883,1464.6623954830977,,1420.0468854932742
290,Lautern,GER,2,1405.71154785,1462.50146484,,1419.9090270975
291,CFR Cluj,ROM,1,1406.85021973,1457.8719452553162,,1419.6056511113288
292,Wolfsberger AC,AUT,1,1403.21765137,1467.0501166072202,,1419.175767679305
293,Bari,ITA,2,1425.87365723,1397.734375,,1418.8388366724998
294,Partizan,SRB,1,1397.34277344,1481.212271886199,1286.738362782145,1418.3101480515497
295,Farense,POR,1,1407.94836426,1448.547478823972,,1418.098142900993
296,Luzern,SUI,1,1412.82849121,1432.34680176,,1417.7080688475
297,Mlada Boleslav,CZE,1,1400.02563477,1467.39257812,,1416.8673706074999
298,Reggiana,ITA,2,1416.51623535,,,1416.51623535
299,Fatih Karaguemruek,TUR,1,1416.30432129,,,1416.30432129
300,Amorebieta,ESP,2,1415.88476562,,,1415.88476562
301,Nizhny Novgorod,RUS,1,1415.28674316,,,1415.28674316
302,Laval,FRA,2,1414.98461914,,,1414.98461914
303,Fakel Voronezh,RUS,1,1413.90722656,,,1413.90722656
304,Sverdlovsk,RUS,1,1384.49035645,1498.48364258,,1412.9886779825001
305,Boavista,POR,1,1423.8581543,1379.8656348138031,1162.5422076791529,1412.8600244284507
306,Cittadella,ITA,2,1410.37609863,1419.65625,,1412.6961364724998
307,Ascoli,ITA,2,1422.02575684,1382.90075684,,1412.24450684
308,Sivasspor,TUR,1,1416.34631348,1399.6064524909123,,1412.161348232728
309,Birmingham City,ENG,2,1407.93395996,1423.7874546883272,1317.0301079292162,1411.8973336420818
310,Estrela da Amadora,POR,1,1403.03820801,1431.598656542611,,1410.1783201431529
311,Fortuna Sittard,NED,1,1407.87011719,1406.088248784044,1220.096523458588,1407.424650088511
312,Elversberg,GER,2,1406.73669434,,,1406.73669434
313,Villarreal B,ESP,2,1406.7076416,,,1406.7076416
314,Casa Pia,POR,1,1409.12988281,1397.5356242819075,1238.271570546831,1406.2313181779768
315,Klagenfurt,AUT,1,1405.84533691,,,1405.84533691
316,Wehen,GER,2,1405.33056641,,,1405.33056641
317,BK Häcken,SWE,1,1405.84680176,1395.6627360499228,,1403.3007853324807
318,Ternana,ITA,2,1405.32287598,1394.89245605,,1402.7152709974998
319,Pau,FRA,2,1402.45849609,,,1402.45849609
320,Zorya Luhansk,UKR,1,1391.29125977,1426.1485535443853,1177.6880802526885,1400.0055832135963
321,Cosenza,ITA,2,1399.98352051,,,1399.98352051
322,Grenoble,FRA,2,1398.90234375,,,1398.90234375
323,Slovan Liberec,CZE,1,1376.50769043,1465.5018960850655,,1398.7562418437665
324,Universitatea Craiova,ROM,1,1390.48181152,1422.94824219,1189.8047783115169,1398.5984191875
325,Hartberg,AUT,1,1397.54333496,,,1397.54333496
326,Kayseri,TUR,1,1388.69763184,1422.9753418,,1397.2670593300002
327,Almere City,NED,1,1403.91320801,1376.4980937955747,1104.9878918997174,1397.0594294563937
328,Bastia,FRA,2,1396.80358887,,,1396.80358887
329,Tromso,NOR,1,1454.92138672,1220.46386719,,1396.3070068375
330,Vizela,POR,1,1388.58044434,1414.114284162578,,1394.9639042956446
331,Winterthur,SUI,1,1393.72766113,,1147.3963351056173,1393.72766113
332,Ankaraguecue,TUR,1,1393.12548828,,,1393.12548828
333,Lyngby,DEN,1,1378.10949707,1435.19372559,,1392.3805542
334,Estoril,POR,1,1391.06567383,1395.9327170077415,1156.4838586497385,1392.2824346244352
335,Djurgårdens IF,SWE,1,1392.51379395,1391.0341531171273,,1392.1438837417818
336,Rapid București,ROM,1,1389.92346191,,,1389.92346191
337,Gornik,POL,1,1417.05529785,1306.70141602,,1389.4668273925
338,Jablonec,CZE,1,1363.97729492,1463.6546785903229,,1388.896640837581
339,PEC Zwolle,NED,1,1393.33032227,1375.3228306043106,1150.4255096203242,1388.8284493535775
340,Sarpsborg 08,NOR,1,1377.42626953,1419.4842641511898,,1387.9407681852972
341,Sochi,RUS,1,1387.80151367,,,1387.80151367
342,Farul Constanța,ROM,1,1352.78161621,1491.64978027,,1387.498657225
343,Banik Ostrava,CZE,1,1416.09716797,1299.37487793,,1386.9165954599998
344,US Quevilly,FRA,2,1390.17224121,1370.54724121,,1385.26599121
345,Viking,NOR,1,1419.65576172,1280.14123535,,1384.7771301275002
346,Rostock,GER,2,1383.23022461,,,1383.23022461
347,Kortrijk,BEL,1,1374.69091797,1407.23925781,,1382.82800293
348,Slask,POL,1,1399.82263184,1329.32373047,,1382.1979064975
349,Grasshopper,SUI,1,1380.98266602,1377.72424316,1135.2796370467886,1380.168060305
350,Osijek,CRO,1,1366.06530762,1421.98620605,,1380.0455322275002
351,Dnipro-1,UKR,1,1384.17260742,1364.1091626817154,1259.475792149781,1379.1567462354287
352,Vejle,DEN,1,1376.04882812,,,1376.04882812
353,Piast Gliwice,POL,1,1389.40222168,1335.66479492,,1375.9678649900002
354,Hammarby,SWE,1,1391.5378418,1327.88513184,,1375.62466431
355,Levski Sofia,BUL,1,1385.00708008,1346.04516602,1180.7172547673956,1375.2666015649997
356,Sigma Olomouc,CZE,1,1401.02966309,1296.29748535,,1374.8466186550002
357,RKC Waalwijk,NED,1,1377.2130127,1367.7192802436784,1201.9214763703453,1374.8395795859196
358,Chaves,POR,1,1377.42248535,1366.687507606196,,1374.738740914049
359,Heart of Midlothian,SCO,1,1415.56567383,1250.677432918233,1204.9506508850525,1374.3436136020582
360,Teplice,CZE,1,1355.6340332,1429.33569336,,1374.05944824
361,Lok Zagreb,CRO,1,1378.15161133,1359.06469727,,1373.3798828149997
362,Heracles Almelo,NED,1,1377.75415039,1355.4280536923993,1141.337986076203,1372.1726262155998
363,Rizespor,TUR,1,1371.05310059,,,1371.05310059
364,Feralpisalo,ITA,2,1369.89477539,,,1369.89477539
365,Stal Mielec,POL,1,1368.08728027,,,1368.08728027
366,Annecy,FRA,2,1367.89196777,,,1367.89196777
367,Samsunspor,TUR,1,1367.60046387,,,1367.60046387
368,Bohemians Praha,CZE,1,1375.40820312,1341.35021973,,1366.8937072725
369,Trnava,SLK,0,1365.25634766,,,1365.25634766
370,Zagłębie Lubin,POL,1,1358.00280762,1379.75183105,,1363.4400634775002
371,Lausanne-Sport,SUI,1,1365.0177002,1354.58972168,1186.7756037968097,1362.4107055700001
372,Portimonense,POR,1,1359.99963379,1368.958953540488,1180.7172547673956,1362.239463727622
373,Odd Grenland,NOR,1,1358.69128418,1361.81225586,,1359.4715271
374,Slovan Bratislava,SLK,0,1366.41003418,1337.5557596855922,1232.2132215174165,1359.196465556398
375,Dunkerque,FRA,2,1357.97619629,,,1357.97619629
376,Lillestrøm,NOR,1,1377.4909668,1294.71337891,,1356.7965698275
377,Maribor,SVN,1,1341.2220459,1399.8129179009675,,1355.8697639002419
378,Stromsgodset,NOR,1,1365.28100586,1326.41064453,,1355.5634155275
379,Hradec Kralove,CZE,1,1355.17993164,,,1355.17993164
380,Vitesse,NED,1,1360.77270508,1336.9618275443756,1247.3590940909523,1354.8199856960937
381,Zilina,SLK,0,1357.95507812,1343.62866211,,1354.3734741174999
382,Celje,SVN,1,1385.359375,1258.90161133,,1353.7449340825
383,Astana,KAZ,0,1335.9519043,1405.1799644235407,,1353.2589193308852
384,Neftchi,AZE,0,1353.04882812,,,1353.04882812
385,Cracovia,POL,1,1367.17053223,1309.09313965,,1352.6511840849998
386,Eupen,BEL,1,1346.24304199,1367.69091797,,1351.605010985
387,Excelsior,NED,1,1340.0826416,1385.5859541324846,,1351.458469733121
388,Hapoel Haifa,ISR,1,1376.30969238,1275.47814941,,1351.1018066375
389,Sabah,AZE,0,1350.56652832,,,1350.56652832
390,Vorskla Poltava,UKR,1,1311.90185547,1460.9345928272273,1086.8128448114746,1349.160039809307
391,Radomiak,POL,1,1346.98168945,,,1346.98168945
392,Vålerenga,NOR,1,1345.72302246,1344.64770508,,1345.454193115
393,Warta,POL,1,1344.96386719,,,1344.96386719
394,Altach,AUT,1,1305.16125488,1460.46813965,,1343.9879760724998
395,Rotherham United,ENG,2,1343.05541992,,1207.9798253997596,1343.05541992
396,Beitar,ISR,1,1313.74316406,1423.35095215,,1341.1451110825
397,Molenbeek,BEL,1,1338.69299316,,,1338.69299316
398,IFK Göteborg,SWE,1,1313.3651123,1411.79724121,,1337.9731445275
399,Hatayspor,TUR,1,1337.35351562,,,1337.35351562
400,Haugesund,NOR,1,1339.60021973,1330.39550781,,1337.29904175
401,Gabala,AZE,0,1311.15161133,1413.91174316,,1336.8416442875
402,Gaziantep FK,TUR,1,1336.72021484,,,1336.72021484
403,Baltika,RUS,1,1336.62927246,,,1336.62927246
404,Rukh Lviv,UKR,1,1336.19396973,,1095.900368355596,1336.19396973
405,Fehérvár,HUN,1,1319.38867188,1385.1339612035827,,1335.8249942108955
406,Yverdon Sport,SUI,1,1334.60131836,,1111.0462409291315,1334.60131836
407,Vaduz,LIE,0,1331.23120117,1344.3358122566653,,1334.5073539416662
408,Valenciennes,FRA,2,1310.75671387,1405.25964355,,1334.3824462900002
409,Concarneau,FRA,2,1333.28137207,,,1333.28137207
410,Osnabrueck,GER,2,1333.16552734,,,1333.16552734
411,Norrkoeping,SWE,1,1305.59631348,1406.84240723,,1330.9078369175
412,Bnei Sakhinin,ISR,1,1324.38354492,1350.25390625,,1330.8511352525002
413,Aberdeen,SCO,1,1309.3416748,1394.255896177464,1129.2212880173743,1330.570230144366
414,Sepsi OSK,ROM,1,1339.15270996,1303.72509766,1232.2132215174165,1330.295806885
415,Kryvbas,UKR,1,1329.52685547,,,1329.52685547
416,Oleksandriya,UKR,1,1281.10681152,1468.3196106865548,,1327.9100113116388
417,IK Sirius,SWE,1,1329.90100098,1321.01062012,,1327.678405765
418,DAC Dunajská Streda,SLK,0,1327.36914062,,,1327.36914062
419,Paksi,HUN,1,1357.33789062,1230.09106445,,1325.5261840775001
420,Pardubice,CZE,1,1325.10668945,,,1325.10668945
421,Olimpija Ljubljana,SVN,1,1335.5703125,1291.0150850296682,1068.6377977232319,1324.4315056324172
422,Atromitos,GRE,1,1305.5123291,1379.06591797,,1323.9007263175
423,Cherno More,BUL,1,1341.99084473,1266.95373535,,1323.2315673849998
424,Pendikspor,TUR,1,1322.91271973,,,1322.91271973
425,Hvidovre,DEN,1,1321.99169922,,,1321.99169922
426,Widzew,POL,1,1321.53527832,,,1321.53527832
427,Korona,POL,1,1317.79736328,1322.74938965,,1319.0353698724998
428,Mjaellby,SWE,1,1317.99584961,,,1317.99584961
429,Hapoel Jerusalem,ISR,1,1317.7734375,,,1317.7734375
430,Varnamo,SWE,1,1316.64294434,,,1316.64294434
431,St Mirren,SCO,1,1316.12683105,,,1316.12683105
432,Zlín,CZE,1,1303.53967285,1348.5635943533437,,1314.7956532258358
433,Kalmar,SWE,1,1317.72009277,1282.7980957,,1308.9895935025002
434,BW Linz,AUT,1,1305.46179199,,,1305.46179199
435,Lecco,ITA,2,1302.57519531,,,1302.57519531
436,Kuopio,FIN,0,1301.6439209,,,1301.6439209
437,Hibernian,SCO,1,1347.94714355,1157.2454834,1150.4255096203242,1300.2717285125
438,BATE Borisov,BLR,0,1248.79516602,1453.465788445953,,1299.9628216264882
439,Polissya Zhytomyr,UKR,1,1299.81921387,,1147.3963351056173,1299.81921387
440,H Tel Aviv,ISR,1,1299.50476074,,,1299.50476074
441,Wattens,AUT,1,1298.58166504,,,1298.58166504
442,Istanbulspor,TUR,1,1297.60192871,,,1297.60192871
443,Asteras Tripolis,GRE,1,1281.38830566,1345.6385498,,1297.450866695
444,Kilmarnock,SCO,1,1336.66601562,1179.27905273,1071.6669722379388,1297.3192748975002
445,CSKA 1948,BUL,1,1296.49035645,,,1296.49035645
446,Hermannstadt,ROM,1,1295.78088379,,,1295.78088379
447,Puszcza Niepolomice,POL,1,1292.32897949,,,1292.32897949
448,Lausanne Ouchy,SUI,1,1292.2310791,,,1292.2310791
449,Varazdin,CRO,1,1292.17077637,,,1292.17077637
450,TSC,SRB,1,1333.87585449,1164.7953369492514,1156.4838586497385,1291.6057251048128
451,Ham-Kam,NOR,1,1291.24414062,,,1291.24414062
452,Maccabi Bnei Raina,ISR,1,1290.36291504,,,1290.36291504
453,Universitatea Cluj,ROM,1,1289.3425293,,,1289.3425293
454,OFI,GRE,1,1289.29907227,,,1289.29907227
455,Austria Lustenau,AUT,1,1288.74633789,,,1288.74633789
456,Debrecen,HUN,1,1310.96911621,1216.53833008,,1287.3614196775
457,Lok Plovdiv,BUL,1,1284.05908203,1295.24279785,,1286.8550109849998
458,M Petach Tikva,ISR,1,1253.31799316,1386.50305176,,1286.61425781
459,Netanya,ISR,1,1307.41162109,1218.66259766,,1285.2243652325
460,HJK,FIN,0,1289.38562012,1268.8435660767996,,1284.2501066092
461,FK Riga,LAT,0,1283.92382812,,,1283.92382812
462,Chernomorets,UKR,1,1249.48205566,1384.90258789,,1283.3371887174999
463,Slaven Belupo,CRO,1,1265.78161621,1335.92578125,,1283.31765747
464,Stabaek,NOR,1,1281.23547363,1287.703125,,1282.8523864724998
465,Volendam,NED,1,1292.00012207,1251.5253158022763,1108.0170664144246,1281.881420503069
466,Istra 1961,CRO,1,1283.37390137,1276.06005859,,1281.545440675
467,Kecskemeti,HUN,1,1281.46252441,,,1281.46252441
468,HNK Gorica,CRO,1,1279.63757324,,,1279.63757324
469,Hapoel Eran Hadera,ISR,1,1278.53552246,,,1278.53552246
470,UTA Arad,ROM,1,1276.26806641,,,1276.26806641
471,Ruch,POL,1,1275.83288574,,,1275.83288574
472,Ashdod,ISR,1,1275.24719238,1274.91210938,,1275.16342163
473,Sandefjord,NOR,1,1295.17346191,1213.09924316,,1274.6549072225
474,Ceske Budejovice,CZE,1,1274.49487305,,,1274.49487305
475,Lamia,GRE,1,1282.09033203,1251.35058594,,1274.4053955075
476,Motherwell,SCO,1,1305.84313965,1174.66467285,1123.1629389879602,1273.04852295
477,Giannina,GRE,1,1238.91503906,1369.19934082,,1271.4861145
478,Dinamo Minsk,BLR,0,1240.82873535,1361.94970703,,1271.10897827
479,Kolos,UKR,1,1269.75109863,,,1269.75109863
480,Puskas Akademia,HUN,1,1321.2322998,1111.68554688,,1268.84561157
481,NFC Volos,GRE,1,1267.67614746,,,1267.67614746
482,Zrinjski Mostar,BHZ,0,1283.96203613,1215.0024424735982,,1266.7221377158994
483,Novi Sad,SRB,1,1236.74658203,1350.78259277,,1265.255584715
484,Karvina,CZE,1,1244.77209473,1321.22497559,,1263.8853149450001
485,Voluntari,ROM,1,1226.03479004,1374.21142578,,1263.078948975
486,Dinamo Bucuresti,ROM,1,1181.00769043,1506.32348633,,1262.336639405
487,Iasi,ROM,1,1210.28442383,1415.22229004,,1261.5188903825
488,Panetolikos,GRE,1,1234.25158691,1315.73217773,,1254.621734615
489,St Johnstone,SCO,1,1249.02062988,1269.62084961,,1254.1706848125
490,Obolon Kyiv,UKR,1,1253.95690918,,,1253.95690918
491,LNZ,UKR,1,1250.85070801,,,1250.85070801
492,Shkendija,MAC,0,1223.08947754,1332.96044922,,1250.55722046
493,Čukarički,SRB,1,1252.94384766,1239.0521067620991,1192.833952826224,1249.4709124355247
494,Tobol,KAZ,0,1249.28369141,,,1249.28369141
495,Petrolul Ploiesti,ROM,1,1248.31860352,,,1248.31860352
496,Diosgyori,HUN,1,1258.46679688,1212.70922852,,1247.0274047899998
497,Dundee United,SCO,1,1275.48510742,1159.30078125,,1246.4390258775002
498,Aktobe,KAZ,0,1245.40234375,,,1245.40234375
499,Botosani,ROM,1,1194.43139648,1394.60168457,,1244.4739685025002
500,Veres,UKR,1,1214.78833008,1328.49719238,,1243.215545655
501,Zeljeznicar,BHZ,0,1244.83435059,1235.17028809,,1242.418334965
502,Ordabasy,KAZ,0,1239.86901855,1238.91784668,,1239.6312255825
503,Ujpest,HUN,1,1243.81726074,1222.90039062,,1238.58804321
504,Zalaegerszegi,HUN,1,1237.97131348,,,1237.97131348
505,FK Sarajevo,BHZ,0,1239.40246582,1232.6048584,,1237.7030639650002
506,Bravo,SVN,1,1237.68896484,,,1237.68896484
507,Craiova 1948,ROM,1,1237.16381836,,,1237.16381836
508,Panserraikos,GRE,1,1236.9765625,,,1236.9765625
509,Botev Plovdiv,BUL,1,1223.60888672,1276.39807129,,1236.8061828625
510,MTK,HUN,1,1233.18566895,,,1233.18566895
511,LKS,POL,1,1233.02868652,,,1233.02868652
512,Arda,BUL,1,1230.37939453,,,1230.37939453
513,Otelul Galati,ROM,1,1228.98156738,,,1228.98156738
514,Aalesund,NOR,1,1200.67211914,1312.25537109,,1228.5679321275
515,Halmstad,SWE,1,1235.12927246,1203.94873047,,1227.3341369625
516,Ross County,SCO,1,1220.80078125,1235.13806152,,1224.3851013175
517,Akureyri,ISL,0,1223.5189209,,,1223.5189209
518,Petrocub,MOL,0,1218.96276855,,,1218.96276855
519,Kisvarda,HUN,1,1218.41162109,,,1218.41162109
520,Brommapojkarna,SWE,1,1217.4029541,,,1217.4029541
521,Domzale,SVN,1,1193.30444336,1284.43371582,,1216.086761475
522,H Petach Tikva,ISR,1,1215.63806152,,,1215.63806152
523,Koper,SVN,1,1215.0447998,,,1215.0447998
524,Honka Espoo,FIN,0,1214.75830078,,,1214.75830078
525,Vikingur,ISL,0,1214.7130127,,,1214.7130127
526,Slavia Sofia,BUL,1,1208.95471191,1228.65222168,,1213.8790893525
527,Zimbru,MOL,0,1210.83190918,,,1210.83190918
528,Pyunik,ARM,0,1255.48925781,1075.0486640818476,,1210.3791093779619
529,Haka,FIN,0,1207.69689941,,,1207.69689941
530,Drita,KOS,0,1206.79418945,,,1206.79418945
531,Breiðablik,ISL,0,1202.43811035,1218.799149084637,,1206.5283700336593
532,Kifisias,GRE,1,1206.13647461,,,1206.13647461
533,Dundalk,IRL,0,1175.81445312,1289.8821517271112,,1204.3313777717779
534,Metalist 1925,UKR,1,1203.16723633,,,1203.16723633
535,Žalgiris,LIT,0,1209.62976074,1182.166823526994,,1202.7640264367485
536,RFS,LAT,0,1225.14990234,1134.500267747693,,1202.4874936919232
537,Mezokovesd-Zsory,HUN,1,1208.52087402,1168.97937012,,1198.635498045
538,Derry City,IRL,0,1194.4855957,1209.32507324,,1198.195465085
539,Dila Gori,GEO,0,1194.55407715,,,1194.55407715
540,Mura,SVN,1,1199.81848145,1176.2100925453215,,1193.9163842238304
541,Partizani Tirana,ALB,0,1197.9654541,1177.3347168,,1192.807769775
542,Levski Krumovgrad,BUL,1,1191.73803711,,,1191.73803711
543,Auda,LAT,0,1190.38354492,,,1190.38354492
544,Borac Banja Luka,BHZ,0,1190.23791504,,,1190.23791504
545,Milsami Orhei,MOL,0,1197.97668457,1161.85852051,,1188.947143555
546,Mynai,UKR,1,1186.81628418,,,1186.81628418
547,Shamrock Rovers,IRL,0,1173.44995117,1211.5453107251114,,1182.9737910587778
548,Batumi,GEO,0,1178.33996582,1185.90136719,,1180.2303161625
549,Livingston,SCO,1,1179.66723633,,,1179.66723633
550,Ballkani,KOS,0,1200.25463867,1106.7021811922168,,1176.8665243005544
551,Beroe Stara Zagora,BUL,1,1143.5012207,1275.8873291,,1176.5977478
552,Egnatia,ALB,0,1175.19702148,,,1175.19702148
553,Torpedo Kutaisi,GEO,0,1171.69128418,1179.66296387,,1173.6842041025
554,Kragujevac,SRB,1,1171.75366211,,,1171.75366211
555,Vllaznia,ALB,0,1169.95568848,,,1169.95568848
556,Mladost Lucani,SRB,1,1152.16809082,1221.62792969,,1169.5330505375
557,St Patricks,IRL,0,1167.19677734,,,1167.19677734
558,Radomlje,SVN,1,1164.57714844,,,1164.57714844
559,Tirana,ALB,0,1156.26000977,1184.9708252,,1163.4377136275
560,Ararat,ARM,0,1160.54968262,,,1160.54968262
561,Neman Grodno,BLR,0,1140.18725586,1219.22253418,,1159.94607544
562,Alashkert,ARM,0,1200.75842285,1009.512742540394,,1152.9470027725984
563,Banants,ARM,0,1152.2635498,,,1152.2635498
564,Valmieras,LAT,0,1151.80358887,,,1151.80358887
565,GAIS,SWE,1,1150.29577637,,,1150.29577637
566,Novi Pazar,SRB,1,1149.82312012,,,1149.82312012
567,Krusevac,SRB,1,1135.29101562,1184.51293945,,1147.5964965775001
568,Torpedo Zhodino,BLR,0,1104.95983887,1272.52807617,,1146.851898195
569,Vozdovac Beograd,SRB,1,1126.1842041,1207.78173828,,1146.583587645
570,Hamrun,MLT,0,1145.35070801,,,1145.35070801
571,Rudes Zagreb,CRO,1,1106.64685059,1250.11035156,,1142.5127258325
572,Panevezys,LIT,0,1138.00061035,,,1138.00061035
573,Zlatibor,SRB,1,1117.45007324,1195.29052734,,1136.910186765
574,Hebar,BUL,1,1134.8170166,,,1134.8170166
575,Dinamo Tbilisi,GEO,0,1134.59313965,,,1134.59313965
576,Blagoevgrad,BUL,1,1114.28161621,1192.13903809,,1133.74597168
577,Rogaska,SVN,1,1130.12060547,,,1130.12060547
578,Struga,MAC,0,1118.15124512,,,1118.15124512
579,KÍ,FAR,0,1172.52124023,948.0111482629019,,1116.3937172382255
580,Nis,SRB,1,1072.45825195,1246.01794434,,1115.8481750475
581,KÍ,FAR,0,1172.52124023,941.9448030479018,,1114.8771309344756
582,Aluminij,SVN,1,1101.77233887,1149.0958252,,1113.6032104525002
583,Hegelmann,LIT,0,1111.43566895,,,1111.43566895
584,Lok Sofia,BUL,1,1111.2677002,,,1111.2677002
585,Etar,BUL,1,1054.62817383,1274.94836426,,1109.7082214375
586,Flora,EST,0,1131.41259766,1037.9977724985806,,1108.0588913696452
587,Shkupi,MAC,0,1098.73217773,,,1098.73217773
588,Kauno Zalgiris,LIT,0,1098.58483887,,,1098.58483887
589,Linfield,NIR,0,1119.13916016,1035.30383301,,1098.1803283725
590,Dukagjini,KOS,0,1096.75024414,,,1096.75024414
591,F91 Dudelange,LUX,0,1085.77209473,1123.6156588147423,,1095.2329857511854
592,Gzira United,MLT,0,1091.47802734,,,1091.47802734
593,Niedercorn,LUX,0,1092.54602051,1064.88049316,,1085.6296386725
594,Differdang,LUX,0,1073.71899414,1105.86230469,,1081.7548217775
595,Swift Hesperange,LUX,0,1079.53430176,,,1079.53430176
596,Makedonija,MAC,0,1079.15563965,,,1079.15563965
597,Birkirkara,MLT,0,1077.99243164,,,1077.99243164
598,KF Gjilani,KOS,0,1074.63012695,,,1074.63012695
599,Radnik Surdulica,SRB,1,1052.95153809,1132.64489746,,1072.8748779325
600,The New Saints,WAL,0,1079.24462891,1041.6661377,,1069.8500061075001
601,Crusaders,NIR,0,1086.17663574,1019.93841553,,1069.6170806875
602,Glentoran,NIR,0,1067.01525879,,,1067.01525879
603,Ivanjica,SRB,1,1064.94836426,,,1064.94836426
604,Balzan,MLT,0,1086.39904785,998.341796875,,1064.38473510625
605,IMT,SRB,1,1058.4029541,,,1058.4029541
606,Larne,NIR,0,1056.20788574,,,1056.20788574
607,Botev Vratsa,BUL,1,1053.53723145,,,1053.53723145
608,HB Torshavn,FAR,0,1052.36303711,,,1052.36303711
609,Zeleznicar Pancevo,SRB,1,1029.97851562,,,1029.97851562
610,Gota,FAR,0,1036.67565918,1008.88446045,,1029.7278594975
611,B 36 Torshavn,FAR,0,1076.60656738,876.229553223,,1026.5123138407498
612,Trans Narva,EST,0,1017.81066895,,,1017.81066895
613,Arsenal Tivat,MNT,0,1017.29779053,,,1017.29779053
614,Podgorica,MNT,0,980.740478516,1121.08789062,,1015.827331542
615,Paide Linnameeskond,EST,0,1013.82458496,,,1013.82458496
616,Sutjeska,MNT,0,968.14831543,1105.11828613,,1002.390808105
617,Connahs Quay,WAL,0,982.021972656,1036.61621094,,995.670532227
618,FC Infonet,EST,0,1001.37615967,971.967163086,,994.023910524
619,Haverfordwest,WAL,0,989.598327637,,,989.598327637
620,Penybont,WAL,0,962.114501953,,,962.114501953
621,Lincoln Red Imps,GIB,0,950.324523926,964.097743711831,,953.7678288724577
622,College Europa,GIB,0,907.277038574,941.426818848,,915.8144836425
623,Escaldes,AND,0,881.420837402,,,881.420837402
624,Santa Coloma,AND,0,898.886169434,767.492736816,,866.0378112794999
625,FCB Magpies,GIB,0,859.541015625,,,859.541015625
626,Atletic Club Escaldes,AND,0,845.504821777,,,845.504821777
627,Cosmos,SMR,0,696.818664551,,,696.818664551
628,Tre Penne,SMR,0,685.562805176,685.851745605,,685.63504028325
629,La Fiorita,SMR,0,666.206604004,681.354309082,,669.9935302735
